{"sections":{"c654c1af-0a84-426f-ae0a-a663888c82a6":{"type":"section-slideshow-v3","blocks":{"template--19778918973720__c654c1af-0a84-426f-ae0a-a663888c82a6-168914484689b9b5ef-0":{"type":"slideshow","settings":{"backgroud_slide":"shopify:\/\/shop_images\/s11.jpg","select_pos":"center","select_textalign_content":"center","block_title":"Nutritious pet food","color_title":"#ffffff","font_size_title":70,"block_subtitle":"It is a long established fact that a reader will be distracted by the<br> readable content of a page when looking at its layout","color_subtitle":"#ffffff","font_size_sub_title":18,"block_buton":"Shop now","block_url":"shopify:\/\/collections\/all","font_size_button":14,"color_button":"#000000","bg_color_button":"#ffffff","color_button_hover":"#ffffff","bg_color_button_hover":"#f9af8f"}},"template--19778918973720__c654c1af-0a84-426f-ae0a-a663888c82a6-168914484689b9b5ef-1":{"type":"slideshow","settings":{"backgroud_slide":"shopify:\/\/shop_images\/s12.jpg","select_pos":"center","select_textalign_content":"center","block_title":"Nutritious pet food","color_title":"#ffffff","font_size_title":70,"block_subtitle":"It is a long established fact that a reader will be distracted by the<br> readable content of a page when looking at its layout","color_subtitle":"#ffffff","font_size_sub_title":18,"block_buton":"Shop now","block_url":"shopify:\/\/collections\/all","font_size_button":14,"color_button":"#000000","bg_color_button":"#ffffff","color_button_hover":"#ffffff","bg_color_button_hover":"#f9af8f"}}},"block_order":["template--19778918973720__c654c1af-0a84-426f-ae0a-a663888c82a6-168914484689b9b5ef-0","template--19778918973720__c654c1af-0a84-426f-ae0a-a663888c82a6-168914484689b9b5ef-1"],"settings":{"margin_top":"","margin_bottom":""}},"d145f7d4-685c-4e71-b796-4271e5fbeebd":{"type":"section-banner-v9","settings":{"banner_img1":"shopify:\/\/shop_images\/ba4.jpg","title_banner1":"dog food","sub_title1":"Up To 50% off","button_banner1":"Shop Now","url_button_banner1":"shopify:\/\/collections\/all","banner_img2":"shopify:\/\/shop_images\/ba5.jpg","title_banner2":"cat food","sub_title2":"Up To 30% off","button_banner2":"Shop now","url_button_banner2":"shopify:\/\/collections\/all","banner_img3":"shopify:\/\/shop_images\/ba6.jpg","title_banner3":"pet toys","sub_title3":"Up To 40% off","button_banner3":"Shop now","color_sub":"#000000","color_title":"#000000","color_btn":"#ffffff","bg_btn":"#000000","bg_btn_hover":"#f9af8f","color_btn_hover":"#ffffff","url_button_banner3":"shopify:\/\/collections\/all","margin_top":"70","margin_bottom":""}},"b3d4e6ee-d4a0-4bd3-8c0b-a92c1562a4bb":{"type":"section-product-v2","blocks":{"template--19778918973720__b3d4e6ee-d4a0-4bd3-8c0b-a92c1562a4bb-1689145046910d28a6-0":{"type":"tab","settings":{"tab_title":"NEW ARRIVALS","tab_collection":"new-1","tab_limit":8}},"template--19778918973720__b3d4e6ee-d4a0-4bd3-8c0b-a92c1562a4bb-1689145046910d28a6-1":{"type":"tab","settings":{"tab_title":"BEST SELLERS","tab_collection":"new","tab_limit":8}},"template--19778918973720__b3d4e6ee-d4a0-4bd3-8c0b-a92c1562a4bb-1689145046910d28a6-2":{"type":"tab","settings":{"tab_title":"TOP RATES","tab_collection":"frontpage","tab_limit":8}}},"block_order":["template--19778918973720__b3d4e6ee-d4a0-4bd3-8c0b-a92c1562a4bb-1689145046910d28a6-0","template--19778918973720__b3d4e6ee-d4a0-4bd3-8c0b-a92c1562a4bb-1689145046910d28a6-1","template--19778918973720__b3d4e6ee-d4a0-4bd3-8c0b-a92c1562a4bb-1689145046910d28a6-2"],"settings":{"margin_top":"","margin_bottom":"","title_heading":"Our Best Seller","color_title":"#222222"}},"c7aa926b-7099-450d-ba8e-910c22d2a942":{"type":"section-blog-v3","settings":{"ena_container":false,"section_title":"Our Blog","color_title":"#000000","select_blog":"news","blogs_limit":2,"enable_description":true,"button_name":"Read More","margin_top":"","margin_bottom":""}}},"order":["c654c1af-0a84-426f-ae0a-a663888c82a6","d145f7d4-685c-4e71-b796-4271e5fbeebd","b3d4e6ee-d4a0-4bd3-8c0b-a92c1562a4bb","c7aa926b-7099-450d-ba8e-910c22d2a942"]}