{"sections":{"d7801113-ceb8-4a52-895e-cd9641d5c091":{"type":"section-slideshow-v5","blocks":{"template--19778918973720__d7801113-ceb8-4a52-895e-cd9641d5c091-16890605063aa4d78f-0":{"type":"slide","settings":{"img_slider":"shopify:\/\/shop_images\/s8.jpg","slider_title":"dog supplies","title_color":"#ffffff","font_size_title_top":45,"fonts_title_top":"","slider_sub_title":"Packed in a facility that handles tree nuts <br>  and sesame seeds.","sub_title_color":"#ffffff","font_size_top1":16,"fonts_sub_1":"","slider_button":"Shop Now","color_button":"#111111","bg_color_button":"#ffffff","font_size_button":14,"fonts_button":"","button_url":"shopify:\/\/collections\/all","color_button_hover":"#ffffff","bg_color_button_hover":"#f9af8f"}},"template--19778918973720__d7801113-ceb8-4a52-895e-cd9641d5c091-16890605063aa4d78f-1":{"type":"slide","settings":{"img_slider":"shopify:\/\/shop_images\/s9.jpg","slider_title":"cat supplies","title_color":"#ffffff","font_size_title_top":45,"fonts_title_top":"","slider_sub_title":"Packed in a facility that handles tree nuts <br>  and sesame seeds.","sub_title_color":"#ffffff","font_size_top1":16,"fonts_sub_1":"","slider_button":"Shop Now","color_button":"#111111","bg_color_button":"#ffffff","font_size_button":14,"fonts_button":"","button_url":"shopify:\/\/collections\/all","color_button_hover":"#ffffff","bg_color_button_hover":"#f9af8f"}}},"block_order":["template--19778918973720__d7801113-ceb8-4a52-895e-cd9641d5c091-16890605063aa4d78f-0","template--19778918973720__d7801113-ceb8-4a52-895e-cd9641d5c091-16890605063aa4d78f-1"],"settings":{"margin_top":"","margin_bottom":"","bg_section":"shopify:\/\/shop_images\/ba10.jpg","img_banner1":"shopify:\/\/shop_images\/ba20.jpg","subtitle_banner1":"up to 15% off","title_banner1":"Nutritious food","btn_banner1":"SHop now","url_banner1":"shopify:\/\/collections\/all"}},"b8cd30b7-1f93-4e51-83b6-6393438f3b8b":{"type":"section-collection-v2","blocks":{"template--19778918973720__b8cd30b7-1f93-4e51-83b6-6393438f3b8b-16890608321bc2895f-0":{"type":"colection","settings":{"img_banner":"shopify:\/\/shop_images\/ba15.jpg","title_banner":"Pet Food","color_title":"#ffffff","color_title_hover":"#ffffff","url_banner":"shopify:\/\/collections\/all"}},"template--19778918973720__b8cd30b7-1f93-4e51-83b6-6393438f3b8b-16890608321bc2895f-1":{"type":"colection","settings":{"img_banner":"shopify:\/\/shop_images\/ba17.jpg","title_banner":"Dog Service","color_title":"#ffffff","color_title_hover":"#ffffff","url_banner":"shopify:\/\/collections\/all"}},"template--19778918973720__b8cd30b7-1f93-4e51-83b6-6393438f3b8b-16890608321bc2895f-2":{"type":"colection","settings":{"img_banner":"shopify:\/\/shop_images\/ba18.jpg","title_banner":"Pet Backpack","color_title":"#ffffff","color_title_hover":"#ffffff","url_banner":"shopify:\/\/collections\/all"}},"template--19778918973720__b8cd30b7-1f93-4e51-83b6-6393438f3b8b-16890608321bc2895f-3":{"type":"colection","settings":{"img_banner":"shopify:\/\/shop_images\/ba16.jpg","title_banner":"Cat Service","color_title":"#ffffff","color_title_hover":"#ffffff","url_banner":"shopify:\/\/collections\/all"}},"template--19778918973720__b8cd30b7-1f93-4e51-83b6-6393438f3b8b-16890608321bc2895f-4":{"type":"colection","settings":{"img_banner":"shopify:\/\/shop_images\/ba19.jpg","title_banner":"Pet Toys","color_title":"#ffffff","color_title_hover":"#ffffff","url_banner":"shopify:\/\/collections\/all"}}},"block_order":["template--19778918973720__b8cd30b7-1f93-4e51-83b6-6393438f3b8b-16890608321bc2895f-0","template--19778918973720__b8cd30b7-1f93-4e51-83b6-6393438f3b8b-16890608321bc2895f-1","template--19778918973720__b8cd30b7-1f93-4e51-83b6-6393438f3b8b-16890608321bc2895f-2","template--19778918973720__b8cd30b7-1f93-4e51-83b6-6393438f3b8b-16890608321bc2895f-3","template--19778918973720__b8cd30b7-1f93-4e51-83b6-6393438f3b8b-16890608321bc2895f-4"],"settings":{"margin_top":"","margin_bottom":"","title_heading":"Welcome to us","color_title_heading":"#000000"}},"69b7f0a8-48e3-472d-a90e-e33025846d23":{"type":"section-product-v2","blocks":{"template--19778918973720__69b7f0a8-48e3-472d-a90e-e33025846d23-1689060988afdd114a-0":{"type":"tab","settings":{"tab_title":"NEW ARRIVALS","tab_collection":"new-2","tab_limit":8}},"template--19778918973720__69b7f0a8-48e3-472d-a90e-e33025846d23-1689060988afdd114a-1":{"type":"tab","settings":{"tab_title":"BEST SELLERS","tab_collection":"new","tab_limit":8}},"template--19778918973720__69b7f0a8-48e3-472d-a90e-e33025846d23-1689060988afdd114a-2":{"type":"tab","settings":{"tab_title":"TOP RATES","tab_collection":"new-1","tab_limit":8}}},"block_order":["template--19778918973720__69b7f0a8-48e3-472d-a90e-e33025846d23-1689060988afdd114a-0","template--19778918973720__69b7f0a8-48e3-472d-a90e-e33025846d23-1689060988afdd114a-1","template--19778918973720__69b7f0a8-48e3-472d-a90e-e33025846d23-1689060988afdd114a-2"],"settings":{"margin_top":"","margin_bottom":"","title_heading":"Our Best Seller","color_title":"#222222"}},"5f88becb-265f-461a-aa24-ae8ad7fed534":{"type":"section-banner-v1","settings":{"title_banner1":"ELORE OUR STORE","color_title1":"#000000","sub_banner1":"INNOVATION & CONFORT.","color_sub1":"#000000","banner_img1":"shopify:\/\/shop_images\/ba12.jpg","button_banner1":"pet service","url_button_banner1":"shopify:\/\/collections\/all","banner_img2":"shopify:\/\/shop_images\/ba14.jpg","button_banner2":"pet Food","url_button_banner2":"shopify:\/\/collections\/all","banner_img3":"shopify:\/\/shop_images\/ba13.jpg","button_banner3":"pet toys","url_button_banner3":"shopify:\/\/collections\/all","color_btn":"#111111","color_btn_hover":"#f9af8f","margin_top":"","margin_bottom":""}},"8d7dfb6d-ccc9-446e-a956-31124000f839":{"type":"section-product-v4","blocks":{"template--19778918973720__8d7dfb6d-ccc9-446e-a956-31124000f839-1689061114b063fc46-0":{"type":"collection","settings":{"block_title":"FEATURED PRODUCTS","select_collection":"frontpage","products_limit":3}},"template--19778918973720__8d7dfb6d-ccc9-446e-a956-31124000f839-1689061114b063fc46-1":{"type":"collection","settings":{"block_title":"TOP RATED PRODUCTS","select_collection":"new-1","products_limit":3}},"template--19778918973720__8d7dfb6d-ccc9-446e-a956-31124000f839-1689061114b063fc46-2":{"type":"collection","settings":{"block_title":"TOP SALE PRODUCTS","select_collection":"new","products_limit":3}}},"block_order":["template--19778918973720__8d7dfb6d-ccc9-446e-a956-31124000f839-1689061114b063fc46-0","template--19778918973720__8d7dfb6d-ccc9-446e-a956-31124000f839-1689061114b063fc46-1","template--19778918973720__8d7dfb6d-ccc9-446e-a956-31124000f839-1689061114b063fc46-2"],"settings":{"margin_top":"","margin_bottom":""}},"176e1730-0adb-4421-969c-3c11b0e6b31c":{"type":"section-blog-v2","settings":{"bg_section_color":"#fbf3f0","section_title":"Our Blogs","color_title":"#222","description_title":"A collection of stories about the people andplaces we admire.","color_sub_title":"#666","select_blog":"news","blogs_limit":3,"enable_category":true,"enable_date":true,"enable_title":true,"enable_excerpt":true,"margin_top":"","margin_bottom":""}}},"order":["d7801113-ceb8-4a52-895e-cd9641d5c091","b8cd30b7-1f93-4e51-83b6-6393438f3b8b","69b7f0a8-48e3-472d-a90e-e33025846d23","5f88becb-265f-461a-aa24-ae8ad7fed534","8d7dfb6d-ccc9-446e-a956-31124000f839","176e1730-0adb-4421-969c-3c11b0e6b31c"]}