{"sections":{"bdb75df9-7f4e-4237-b41e-0edadf7573a2":{"type":"section-slideshow-v4","blocks":{"template--19778918973720__bdb75df9-7f4e-4237-b41e-0edadf7573a2-1689132050f1732eaf-0":{"type":"slideshow","settings":{"block_bg_image":"shopify:\/\/shop_images\/s10.jpg","select_textalign_content":"center","block_title":"Nutritious Pet Food","color_block_title":"#ffffff","effect_title1":"bounce","block_desc":"Style in handcrafts, made by professionals for you","color_block_desc":"#ffffff","effect_title2":"bounce","block_buton":"Shop now","block_url":"shopify:\/\/collections\/all","effect_title3":"bounce","color_button":"#000000","bg_color_button":"#ffffff","color_button_hover":"#ffffff","bg_color_button_hover":"#f9af8f"}}},"block_order":["template--19778918973720__bdb75df9-7f4e-4237-b41e-0edadf7573a2-1689132050f1732eaf-0"],"settings":{"margin_top":"","margin_bottom":""}},"f172c44b-5c5c-4138-ac10-c041d10f57ac":{"type":"section-banner-v4","settings":{"margin_top":"","margin_bottom":"","img_banner":"shopify:\/\/shop_images\/ba10.jpg","url_button":"shopify:\/\/collections\/all","img_banner1":"shopify:\/\/shop_images\/ba11.png","title_banner":"Rewards just for shopping!","color_title":"#000000","color_title_hover":"#f9af8f","content_banner":"Don’t forget to opt into Fashion News to have your offers and rewards delivered right to your inbox!","color_content_banner":"#000000"}},"0becad13-77a3-43ed-9a72-f8d03a9d5ae3":{"type":"section-product-v8","settings":{"title_heading":"DEALS OF THE DAY","color_title":"#000000","select_collection":"countdown","products_limit":2,"margin_top":"","margin_bottom":""}},"514bd8a7-e8a3-4197-a2d1-b3ea7b693833":{"type":"section-product-v6","settings":{"section_layout":"banner_right","title_heading":"Best Seller","color_title":"#222222","sub-title1":"Discover other related fashion products","img_banner1":"shopify:\/\/shop_images\/ba22.jpg","url_button1":"shopify:\/\/collections\/all","select_collection":"frontpage","products_limit":4,"margin_top":"","margin_bottom":""}},"58cf063a-4557-481b-87b2-42bd832a7051":{"type":"section-banner-v7","settings":{"margin_top":"","margin_bottom":"","ena_container":false,"ena_margin_top":true,"title_banner":"pet supplies","color_title":"#000000","content_banner":"Up to 20% off for you","color_content_banner":"#000000","button_banner":"SHOP NOW","color_btn":"#ffffff","bg_btn":"#000000","color_btn_hover":"#ffffff","bg_btn_hover":"#f3a395","url_button":"shopify:\/\/collections\/all","img_banner":"shopify:\/\/shop_images\/ba23.jpg"}},"8e68e396-6ac2-4100-9f4b-b5ae74f152fa":{"type":"section-service-v2","blocks":{"template--19778918973720__8e68e396-6ac2-4100-9f4b-b5ae74f152fa-168913289651171574-0":{"type":"service","settings":{"block_number":"1","background_banner":"#ffede1","img_icon":"shopify:\/\/shop_images\/icon3v3.png","block_title":"FREE SHIPPING","block_content":"For all order over $99"}},"template--19778918973720__8e68e396-6ac2-4100-9f4b-b5ae74f152fa-168913289651171574-1":{"type":"service","settings":{"block_number":"2","background_banner":"#e6f5ef","img_icon":"shopify:\/\/shop_images\/icon2v2.png","block_title":"DELIVERY ON TIME","block_content":"Definition and measurement"}},"template--19778918973720__8e68e396-6ac2-4100-9f4b-b5ae74f152fa-168913289651171574-2":{"type":"service","settings":{"block_number":"3","background_banner":"#f9e9e9","img_icon":"shopify:\/\/shop_images\/icon1v1.png","block_title":"SECURE PAMENT","block_content":"100% secure payment"}}},"block_order":["template--19778918973720__8e68e396-6ac2-4100-9f4b-b5ae74f152fa-168913289651171574-0","template--19778918973720__8e68e396-6ac2-4100-9f4b-b5ae74f152fa-168913289651171574-1","template--19778918973720__8e68e396-6ac2-4100-9f4b-b5ae74f152fa-168913289651171574-2"],"settings":{"margin_top":"","margin_bottom":"","bg_section":"#f9f9f9"}},"f0d00584-dcca-4410-9bf3-95367131ff74":{"type":"section-product-v1","settings":{"ena_container":false,"title_heading":"Hot Deal","color_title":"#222","sub-title1":"Don't Miss Today's Featured Deals","select_collection":"new-1","products_limit":4,"margin_top":"","margin_bottom":""}},"5dc2f2ec-c729-477e-b71d-b0c51c0fcbb6":{"type":"section-newsletter-v1","settings":{"select_style":"style_1","select_width":"full","style_bg":"color","bg_color":"#ceeeff","bg_color_newletter":"","bg_color_inputnewletter":"","border_color_newletter":"#ffffff","url_banner":"shopify:\/\/collections\/all","title_newletter":"GET UPDATE","color_title":"","content_newletter":"Subscribe our newsletter and get<br>discount 30% off","color_content":"","margin_top":"","margin_bottom":""}}},"order":["bdb75df9-7f4e-4237-b41e-0edadf7573a2","f172c44b-5c5c-4138-ac10-c041d10f57ac","0becad13-77a3-43ed-9a72-f8d03a9d5ae3","514bd8a7-e8a3-4197-a2d1-b3ea7b693833","58cf063a-4557-481b-87b2-42bd832a7051","8e68e396-6ac2-4100-9f4b-b5ae74f152fa","f0d00584-dcca-4410-9bf3-95367131ff74","5dc2f2ec-c729-477e-b71d-b0c51c0fcbb6"]}