{"sections":{"b7430771-ad9c-43ee-b9fa-642f77f1be41":{"type":"section-slideshow-v1","blocks":{"template--19264331153694__b7430771-ad9c-43ee-b9fa-642f77f1be41-1685954787eaa08ef4-1":{"type":"slideshow","settings":{"select_position_content":"right","select_textalign_content":"left","bg_slider":"shopify:\/\/shop_images\/s1.jpg","block_subtitle":"Store Pet","color_subtitle":"#000000","font_size_subtitle":20,"fonts_subtitle":"","effect_subtitle":"bounce","block_title":"your pet snacks","font_size_title":70,"fonts_title":"","effect_title":"bounce","color_title":"#000000","block_buton":"Shop now","block_url":"shopify:\/\/collections\/all","font_size_button":14,"fonts_button":"","effect_button":"bounce","color_block_button":"#ffffff","bg_color_block_button":"#000000","color_block_button_hover":"#ffffff","bg_color_block_button_hover":"#f16e36"}},"template--19264331153694__b7430771-ad9c-43ee-b9fa-642f77f1be41-1685954787eaa08ef4-0":{"type":"slideshow","settings":{"select_position_content":"right","select_textalign_content":"left","bg_slider":"shopify:\/\/shop_images\/s2.jpg","block_subtitle":"Store Pet","color_subtitle":"#000000","font_size_subtitle":20,"fonts_subtitle":"","effect_subtitle":"bounce","block_title":"Choose Pet Toys","font_size_title":70,"fonts_title":"","effect_title":"bounce","color_title":"#000000","block_buton":"Shop now","block_url":"shopify:\/\/collections\/all","font_size_button":14,"fonts_button":"","effect_button":"bounce","color_block_button":"#ffffff","bg_color_block_button":"#000000","color_block_button_hover":"#ffffff","bg_color_block_button_hover":"#f16e36"}}},"block_order":["template--19264331153694__b7430771-ad9c-43ee-b9fa-642f77f1be41-1685954787eaa08ef4-1","template--19264331153694__b7430771-ad9c-43ee-b9fa-642f77f1be41-1685954787eaa08ef4-0"],"settings":{"color_arrows":"#ffffff","margin_top":"","margin_bottom":""}},"d145f7d4-685c-4e71-b796-4271e5fbeebd":{"type":"section-banner-v9","settings":{"banner_img1":"shopify:\/\/shop_images\/ba4.jpg","title_banner1":"dog food","sub_title1":"Up To 50% off","button_banner1":"Shop Now","url_button_banner1":"shopify:\/\/collections\/all","banner_img2":"shopify:\/\/shop_images\/ba5.jpg","title_banner2":"cat food","sub_title2":"Up To 30% off","button_banner2":"Shop now","url_button_banner2":"shopify:\/\/collections\/all","banner_img3":"shopify:\/\/shop_images\/ba6.jpg","title_banner3":"pet toys","sub_title3":"Up To 40% off","button_banner3":"Shop now","color_sub":"#000000","color_title":"#000000","color_btn":"#ffffff","bg_btn":"#000000","bg_btn_hover":"#f9af8f","color_btn_hover":"#ffffff","url_button_banner3":"shopify:\/\/collections\/all","margin_top":"70","margin_bottom":""}},"81acfd12-e97a-4afe-b73c-a068a6148053":{"type":"section-product-v3","settings":{"ena_container":false,"title_heading":"Best Seller","color_title":"#222222","sub_title":"Best Seller Product This Week!","color_sub_title":"#666666","select_collection":"frontpage","products_limit":12,"margin_top":"","margin_bottom":""}},"ec43026b-ff70-4817-bc3e-245f3461c20e":{"type":"section-banner-v10","settings":{"margin_top":"70","margin_bottom":"","img_banner1":"shopify:\/\/shop_images\/ba2.jpg","img_banner2":"shopify:\/\/shop_images\/ba3.jpg","title_banner2":"take care of<br> your pet","color_title2":"#ffffff","sub_banner2":"Aliqua id fugiat irure ex duis ea quis id quis ad et. Sunt qui esse pariatur duis deserunt","color_sub2":"#ffffff","button_2":"SHOP NOW","url_button2":"shopify:\/\/collections\/all","img_banner3":"shopify:\/\/shop_images\/ba1.jpg","color_btn":"#000000","bg_btn":"#ffffff","color_btn_hover":"#ffffff","bg_btn_hover":"#ff871d"}},"311fe778-1f48-431f-a76e-a923c41976f2":{"type":"section-product-v1","settings":{"ena_container":false,"title_heading":"Hot Deal","color_title":"#222","sub-title1":"Don't Miss Today's Featured Deals","select_collection":"new-1","products_limit":4,"margin_top":"","margin_bottom":""}},"5dc2f2ec-c729-477e-b71d-b0c51c0fcbb6":{"type":"section-newsletter-v1","settings":{"select_style":"style_1","select_width":"full","style_bg":"color","bg_color":"#ceeeff","bg_color_newletter":"","bg_color_inputnewletter":"","border_color_newletter":"#ffffff","url_banner":"shopify:\/\/collections\/all","title_newletter":"GET UPDATE","color_title":"","content_newletter":"Subscribe our newsletter and get<br>discount 30% off","color_content":"","margin_top":"","margin_bottom":""}},"1b38854f-fe65-4ad6-81e0-d8835d822add":{"type":"section-blog-v3","settings":{"ena_container":false,"section_title":"Our Blog","color_title":"#000000","select_blog":"news","blogs_limit":2,"enable_description":true,"button_name":"Read More","margin_top":"","margin_bottom":""}}},"order":["b7430771-ad9c-43ee-b9fa-642f77f1be41","d145f7d4-685c-4e71-b796-4271e5fbeebd","81acfd12-e97a-4afe-b73c-a068a6148053","ec43026b-ff70-4817-bc3e-245f3461c20e","311fe778-1f48-431f-a76e-a923c41976f2","5dc2f2ec-c729-477e-b71d-b0c51c0fcbb6","1b38854f-fe65-4ad6-81e0-d8835d822add"]}