{"sections":{"4712f9a9-d8f5-461a-b3f5-da73ada5cd93":{"type":"section-slideshow-v2","blocks":{"template--19778918973720__4712f9a9-d8f5-461a-b3f5-da73ada5cd93-1689059111f558d082-0":{"type":"slideshow","settings":{"select_position_content":"left","img_slide":"shopify:\/\/shop_images\/s3.jpg","sub_title":"Discount 30%","color_sub_title":"#ffffff","title_slide":"best dog service","color_title":"#ffffff","desc_slide":"Order online and have your products delivered<br>to your closest store for free","color_desc_slide":"#ffffff","btn_slide":"SHOP NOW","bg_color_block_button":"#ffffff","color_block_button":"#111111","bg_color_hover_button":"#f9af8f","color_hover_text":"#ffffff","url_btn":"shopify:\/\/collections\/all"}},"template--19778918973720__4712f9a9-d8f5-461a-b3f5-da73ada5cd93-1689059111f558d082-1":{"type":"slideshow","settings":{"select_position_content":"left","img_slide":"shopify:\/\/shop_images\/s4.jpg","sub_title":"Discount 40%","color_sub_title":"#000000","title_slide":"best cat service","color_title":"#000000","desc_slide":"Order online and have your products delivered<br>to your closest store for free","color_desc_slide":"#000000","btn_slide":"SHOP NOW","bg_color_block_button":"#000000","color_block_button":"#ffffff","bg_color_hover_button":"#f9af8f","color_hover_text":"#ffffff","url_btn":"shopify:\/\/collections\/all"}}},"block_order":["template--19778918973720__4712f9a9-d8f5-461a-b3f5-da73ada5cd93-1689059111f558d082-0","template--19778918973720__4712f9a9-d8f5-461a-b3f5-da73ada5cd93-1689059111f558d082-1"],"settings":{"margin_top":"","margin_bottom":""}},"7e3d3ece-f8ca-4342-88d9-981091c440f2":{"type":"section-product-v7","settings":{"section_layout":"banner_left","margin_top":"","margin_bottom":"","block_title1":"FEATURED PRODUCTS","button_banner":"VIEW ALL","color_btn":"#f9af8f","url_button":"shopify:\/\/collections\/all","select_collection1":"frontpage","products_limit1":4,"banner_img":"shopify:\/\/shop_images\/ba7.png"}},"861cec90-1d87-4495-94f5-51dc88d1a33c":{"type":"section-product-v7","settings":{"section_layout":"banner_right","margin_top":"","margin_bottom":"","block_title1":"FEATURED PRODUCTS","button_banner":"VIEW ALL","color_btn":"#f9af8f","url_button":"shopify:\/\/collections\/all","select_collection1":"new","products_limit1":4,"banner_img":"shopify:\/\/shop_images\/ba8.png"}},"c9d4d70e-a6d2-4032-9d5a-26f7e248b48f":{"type":"section-video-v1","settings":{"video_bg":"shopify:\/\/shop_images\/ba9.jpg","section_video_url":"https:\/\/youtu.be\/VAH-ixdFWFs","margin_top":"","margin_bottom":""}},"81acfd12-e97a-4afe-b73c-a068a6148053":{"type":"section-product-v3","settings":{"ena_container":false,"title_heading":"Best Seller","color_title":"#222222","sub_title":"Best Seller Product This Week!","color_sub_title":"#666666","select_collection":"frontpage","products_limit":12,"margin_top":"","margin_bottom":""}},"6de5bc97-c39a-41cd-99f0-b6703e696943":{"type":"section-instagram-v4","settings":{"title_content":"Shop INSTAGRAM","subtitle":"@lauget on instagram.","ins_userid":"","ins_access_token":"3672948962.0f64772.430edb7f711e4665b59777c54d1ed9ce","ins_limit_number":"6","margin_top":"70","margin_bottom":""}}},"order":["4712f9a9-d8f5-461a-b3f5-da73ada5cd93","7e3d3ece-f8ca-4342-88d9-981091c440f2","861cec90-1d87-4495-94f5-51dc88d1a33c","c9d4d70e-a6d2-4032-9d5a-26f7e248b48f","81acfd12-e97a-4afe-b73c-a068a6148053","6de5bc97-c39a-41cd-99f0-b6703e696943"]}